queue_id,case_id,provider_id,rank,priority_score,priority_tier,risk_score,risk_tier,evidence_strength,confidence_score,estimated_exposure,network_signal,anomaly_signal,future_risk_signal,behavioral_signal,case_status,queue_status,capacity_selected,capacity_rank,priority_reasons,claim_count,alert_count,evidence_count,community_id,created_at,queued_at,case_builder_version,siu_version
SIU-000001,CASE-000001,P0030,1,0.5809,MEDIUM,0.454,MODERATE,0.745,0.8063,84737.5,0.3,0.9818,0.1163,0.645,NEW,QUEUED,True,1,"[""High unified risk prioritization score (0.454)"", ""High supporting evidence strength (0.745)"", ""High estimated financial exposure ($84,737.50)"", ""Concentrated high-risk claim transactions (109 claims)"", ""Affiliated with network community #3""]",109,7,0,3,2026-10-08T18:15:19.111115+00:00,2026-10-08T18:38:52.966480+00:00,1.0.0,1.0.0
SIU-000002,CASE-000004,P0611,2,0.4623,MEDIUM,0.3303,MODERATE,0.7317,0.7825,7311.43,0.3,0.7558,0.0022,0.295,NEW,QUEUED,True,2,"[""High supporting evidence strength (0.732)"", ""Affiliated with network community #9"", ""Triggered multiple independent detection rules (3 rules, 7 alerts)"", ""Elevated unified risk prioritization score (0.330)"", ""Statistical behavioral billing anomaly flagged""]",0,7,0,9,2026-10-08T18:15:19.111115+00:00,2026-10-08T18:38:52.966480+00:00,1.0.0,1.0.0
SIU-000003,CASE-000007,P0929,3,0.4582,MEDIUM,0.3061,MODERATE,0.7292,0.789,5118.69,0.3,0.6725,0.0022,0.57,NEW,QUEUED,True,3,"[""High supporting evidence strength (0.729)"", ""Affiliated with network community #5"", ""Triggered multiple independent detection rules (3 rules, 4 alerts)"", ""Elevated unified risk prioritization score (0.306)"", ""Statistical behavioral billing anomaly flagged""]",2,4,0,5,2026-10-08T18:15:19.111115+00:00,2026-10-08T18:38:52.966480+00:00,1.0.0,1.0.0
SIU-000004,CASE-000006,P0639,4,0.4537,MEDIUM,0.3212,MODERATE,0.7299,0.7852,5649.74,0.3,0.6968,0.0275,0.27,NEW,QUEUED,True,4,"[""High supporting evidence strength (0.730)"", ""Affiliated with network community #5"", ""Triggered multiple independent detection rules (3 rules, 6 alerts)"", ""Elevated unified risk prioritization score (0.321)"", ""Statistical behavioral billing anomaly flagged""]",0,6,0,5,2026-10-08T18:15:19.111115+00:00,2026-10-08T18:38:52.966480+00:00,1.0.0,1.0.0
SIU-000005,CASE-000030,P0010,5,0.4449,MEDIUM,0.2844,MODERATE,0.5668,0.779,40000.0,0.3,0.6535,0.0022,0.58,NEW,QUEUED,True,5,"[""Affiliated with network community #6"", ""Elevated unified risk prioritization score (0.284)"", ""Statistical behavioral billing anomaly flagged"", ""Substantial corroborating evidence strength (0.567)"", ""Identified financial exposure ($40,000.00)""]",1,6,0,6,2026-10-08T18:15:19.111115+00:00,2026-10-08T18:38:52.966480+00:00,1.0.0,1.0.0
SIU-000006,CASE-000005,P0002,6,0.4363,MEDIUM,0.3277,MODERATE,0.6721,0.7968,432.39,0.3,0.7514,0.1163,0.555,NEW,QUEUED,True,6,"[""Affiliated with network community #1"", ""Elevated unified risk prioritization score (0.328)"", ""Statistical behavioral billing anomaly flagged"", ""Substantial corroborating evidence strength (0.672)"", ""Elevated future risk trajectory (0.116)""]",13,5,0,1,2026-10-08T18:15:19.111115+00:00,2026-10-08T18:38:52.966480+00:00,1.0.0,1.0.0
SIU-000007,CASE-000017,P0778,7,0.4316,MEDIUM,0.2905,MODERATE,0.7295,0.7915,5377.64,0.3,0.6107,0.0022,0.195,NEW,QUEUED,True,7,"[""High supporting evidence strength (0.730)"", ""Affiliated with network community #5"", ""Triggered multiple independent detection rules (3 rules, 3 alerts)"", ""Elevated unified risk prioritization score (0.290)"", ""Statistical behavioral billing anomaly flagged""]",0,3,0,5,2026-10-08T18:15:19.111115+00:00,2026-10-08T18:38:52.966480+00:00,1.0.0,1.0.0
SIU-000008,CASE-000003,P0001,8,0.4312,MEDIUM,0.3346,MODERATE,0.7461,0.7814,374.34,0.3,0.7824,0.0022,0.3433,NEW,QUEUED,True,8,"[""High supporting evidence strength (0.746)"", ""Affiliated with network community #0"", ""Triggered multiple independent detection rules (4 rules, 6 alerts)"", ""Elevated unified risk prioritization score (0.335)"", ""Statistical behavioral billing anomaly flagged""]",0,6,0,0,2026-10-08T18:15:19.111115+00:00,2026-10-08T18:38:52.966480+00:00,1.0.0,1.0.0
SIU-000009,CASE-000063,P0443,9,0.4178,MEDIUM,0.275,MODERATE,0.6891,0.7882,5055.12,0.3,0.6849,0.0022,0.13,NEW,QUEUED,True,9,"[""Affiliated with network community #5"", ""Elevated unified risk prioritization score (0.275)"", ""Statistical behavioral billing anomaly flagged"", ""Substantial corroborating evidence strength (0.689)"", ""Identified financial exposure ($5,055.12)""]",0,2,0,5,2026-10-08T18:15:19.111115+00:00,2026-10-08T18:38:52.966480+00:00,1.0.0,1.0.0
SIU-000010,CASE-000011,P0507,10,0.405,MEDIUM,0.299,MODERATE,0.6777,0.7881,979.8,0.3,0.6658,0.0022,0.205,NEW,QUEUED,True,10,"[""Affiliated with network community #1"", ""Elevated unified risk prioritization score (0.299)"", ""Statistical behavioral billing anomaly flagged"", ""Substantial corroborating evidence strength (0.678)"", ""Multiple detection rule alerts (5 alerts)""]",0,5,0,1,2026-10-08T18:15:19.111115+00:00,2026-10-08T18:38:52.966480+00:00,1.0.0,1.0.0
SIU-000011,CASE-000009,P1017,11,0.4046,MEDIUM,0.3033,MODERATE,0.6777,0.7921,972.29,0.3,0.6054,0.0022,0.23,NEW,QUEUED,True,11,"[""Affiliated with network community #8"", ""Elevated unified risk prioritization score (0.303)"", ""Statistical behavioral billing anomaly flagged"", ""Substantial corroborating evidence strength (0.678)"", ""Multiple detection rule alerts (6 alerts)""]",0,6,0,8,2026-10-08T18:15:19.111115+00:00,2026-10-08T18:38:52.966480+00:00,1.0.0,1.0.0
SIU-000012,CASE-000019,P0113,12,0.4027,MEDIUM,0.2889,MODERATE,0.6717,0.7914,408.06,0.3,0.6207,0.0022,0.53,NEW,QUEUED,True,12,"[""Affiliated with network community #5"", ""Elevated unified risk prioritization score (0.289)"", ""Statistical behavioral billing anomaly flagged"", ""Substantial corroborating evidence strength (0.672)"", ""Contains 1 flagged high-risk claim(s)""]",1,4,0,5,2026-10-08T18:15:19.111115+00:00,2026-10-08T18:38:52.966480+00:00,1.0.0,1.0.0
SIU-000013,CASE-000038,P0027,13,0.4,MEDIUM,0.2806,MODERATE,0.6806,0.7907,1479.27,0.3,0.6239,0.0022,0.155,NEW,QUEUED,True,13,"[""Affiliated with network community #5"", ""Elevated unified risk prioritization score (0.281)"", ""Statistical behavioral billing anomaly flagged"", ""Substantial corroborating evidence strength (0.681)""]",0,3,0,5,2026-10-08T18:15:19.111115+00:00,2026-10-08T18:38:52.966480+00:00,1.0.0,1.0.0
SIU-000014,CASE-000008,P0037,14,0.3977,MEDIUM,0.3035,MODERATE,0.669,0.7958,274.99,0.3,0.6043,0.1163,0.23,NEW,QUEUED,True,14,"[""Affiliated with network community #9"", ""Elevated unified risk prioritization score (0.303)"", ""Statistical behavioral billing anomaly flagged"", ""Substantial corroborating evidence strength (0.669)"", ""Elevated future risk trajectory (0.116)""]",0,6,0,9,2026-10-08T18:15:19.111115+00:00,2026-10-08T18:38:52.966480+00:00,1.0.0,1.0.0
SIU-000015,CASE-000026,P1099,15,0.3943,MEDIUM,0.2865,MODERATE,0.6767,0.7927,844.97,0.3,0.6073,0.0022,0.18,NEW,QUEUED,True,15,"[""Affiliated with network community #9"", ""Elevated unified risk prioritization score (0.286)"", ""Statistical behavioral billing anomaly flagged"", ""Substantial corroborating evidence strength (0.677)""]",0,4,0,9,2026-10-08T18:15:19.111115+00:00,2026-10-08T18:38:52.966480+00:00,1.0.0,1.0.0
SIU-000016,CASE-000010,P0375,16,0.3878,MEDIUM,0.3026,MODERATE,0.6696,0.7899,301.54,0.3,0.6144,0.0022,0.23,NEW,QUEUED,True,16,"[""Affiliated with network community #1"", ""Elevated unified risk prioritization score (0.303)"", ""Statistical behavioral billing anomaly flagged"", ""Substantial corroborating evidence strength (0.670)"", ""Multiple detection rule alerts (6 alerts)""]",0,6,0,1,2026-10-08T18:15:19.111115+00:00,2026-10-08T18:38:52.966480+00:00,1.0.0,1.0.0
SIU-000017,CASE-000015,P0644,17,0.3866,MEDIUM,0.2937,MODERATE,0.6712,0.7918,380.8,0.3,0.6095,0.0022,0.205,NEW,QUEUED,True,17,"[""Affiliated with network community #1"", ""Elevated unified risk prioritization score (0.294)"", ""Statistical behavioral billing anomaly flagged"", ""Substantial corroborating evidence strength (0.671)"", ""Multiple detection rule alerts (5 alerts)""]",0,5,0,1,2026-10-08T18:15:19.111115+00:00,2026-10-08T18:38:52.966480+00:00,1.0.0,1.0.0
SIU-000018,CASE-000095,P0592,18,0.3853,MEDIUM,0.2667,MODERATE,0.6809,0.8099,1538.77,0.3,0.0649,0.0022,0.505,NEW,QUEUED,True,18,"[""Affiliated with network community #0"", ""Elevated unified risk prioritization score (0.267)"", ""Substantial corroborating evidence strength (0.681)"", ""Contains 1 flagged high-risk claim(s)""]",1,3,0,0,2026-10-08T18:15:19.111115+00:00,2026-10-08T18:38:52.966480+00:00,1.0.0,1.0.0
SIU-000019,CASE-000024,P0852,19,0.3826,MEDIUM,0.2874,MODERATE,0.6698,0.7889,310.55,0.3,0.6584,0.0022,0.18,NEW,QUEUED,True,19,"[""Affiliated with network community #7"", ""Elevated unified risk prioritization score (0.287)"", ""Statistical behavioral billing anomaly flagged"", ""Substantial corroborating evidence strength (0.670)""]",0,4,0,7,2026-10-08T18:15:19.111115+00:00,2026-10-08T18:38:52.966480+00:00,1.0.0,1.0.0
SIU-000020,CASE-000016,P1042,20,0.3822,MEDIUM,0.2936,MODERATE,0.6691,0.7911,281.9,0.3,0.6114,0.0022,0.205,NEW,QUEUED,True,20,"[""Affiliated with network community #5"", ""Elevated unified risk prioritization score (0.294)"", ""Statistical behavioral billing anomaly flagged"", ""Substantial corroborating evidence strength (0.669)"", ""Multiple detection rule alerts (5 alerts)""]",0,5,0,5,2026-10-08T18:15:19.111115+00:00,2026-10-08T18:38:52.966480+00:00,1.0.0,1.0.0
SIU-000021,CASE-000044,P0948,21,0.3821,MEDIUM,0.2796,MODERATE,0.6668,0.7932,200.17,0.3,0.6283,0.1163,0.155,NEW,DEFERRED,False,0,"[""Affiliated with network community #9"", ""Elevated unified risk prioritization score (0.280)"", ""Statistical behavioral billing anomaly flagged"", ""Substantial corroborating evidence strength (0.667)"", ""Elevated future risk trajectory (0.116)""]",0,3,0,9,2026-10-08T18:15:19.111115+00:00,2026-10-08T18:38:52.966480+00:00,1.0.0,1.0.0
SIU-000022,CASE-000020,P0701,22,0.3817,MEDIUM,0.2887,MODERATE,0.6825,0.8018,1933.29,0.3,0.0732,0.0022,0.205,NEW,DEFERRED,False,0,"[""Affiliated with network community #0"", ""Elevated unified risk prioritization score (0.289)"", ""Substantial corroborating evidence strength (0.682)"", ""Multiple detection rule alerts (5 alerts)""]",0,5,0,0,2026-10-08T18:15:19.111115+00:00,2026-10-08T18:38:52.966480+00:00,1.0.0,1.0.0
SIU-000023,CASE-000025,P0065,23,0.3813,MEDIUM,0.287,MODERATE,0.6695,0.7893,297.62,0.3,0.6483,0.0022,0.18,NEW,DEFERRED,False,0,"[""Affiliated with network community #4"", ""Elevated unified risk prioritization score (0.287)"", ""Statistical behavioral billing anomaly flagged"", ""Substantial corroborating evidence strength (0.669)""]",0,4,0,4,2026-10-08T18:15:19.111115+00:00,2026-10-08T18:38:52.966480+00:00,1.0.0,1.0.0
SIU-000024,CASE-000014,P0955,24,0.3809,MEDIUM,0.2938,MODERATE,0.6685,0.7904,256.0,0.3,0.6147,0.0006,0.205,NEW,DEFERRED,False,0,"[""Affiliated with network community #2"", ""Elevated unified risk prioritization score (0.294)"", ""Statistical behavioral billing anomaly flagged"", ""Substantial corroborating evidence strength (0.668)"", ""Multiple detection rule alerts (5 alerts)""]",0,5,0,2,2026-10-08T18:15:19.111115+00:00,2026-10-08T18:38:52.966480+00:00,1.0.0,1.0.0
SIU-000025,CASE-000031,P0915,25,0.3804,MEDIUM,0.2842,MODERATE,0.6705,0.793,343.32,0.3,0.607,0.0022,0.18,NEW,DEFERRED,False,0,"[""Affiliated with network community #0"", ""Elevated unified risk prioritization score (0.284)"", ""Statistical behavioral billing anomaly flagged"", ""Substantial corroborating evidence strength (0.670)""]",0,4,0,0,2026-10-08T18:15:19.111115+00:00,2026-10-08T18:38:52.966480+00:00,1.0.0,1.0.0
SIU-000026,CASE-000013,P0744,26,0.3798,MEDIUM,0.2943,MODERATE,0.6801,0.7942,1371.7,0.3,0.0985,0.0006,0.205,NEW,DEFERRED,False,0,"[""Affiliated with network community #0"", ""Elevated unified risk prioritization score (0.294)"", ""Substantial corroborating evidence strength (0.680)"", ""Multiple detection rule alerts (5 alerts)""]",0,5,0,0,2026-10-08T18:15:19.111115+00:00,2026-10-08T18:38:52.966480+00:00,1.0.0,1.0.0
SIU-000027,CASE-000029,P0048,27,0.379,MEDIUM,0.2852,MODERATE,0.6696,0.7914,299.69,0.3,0.6117,0.0022,0.18,NEW,DEFERRED,False,0,"[""Affiliated with network community #1"", ""Elevated unified risk prioritization score (0.285)"", ""Statistical behavioral billing anomaly flagged"", ""Substantial corroborating evidence strength (0.670)""]",0,4,0,1,2026-10-08T18:15:19.111115+00:00,2026-10-08T18:38:52.966480+00:00,1.0.0,1.0.0
SIU-000028,CASE-000085,P0053,28,0.3786,MEDIUM,0.2696,MODERATE,0.6688,0.7861,267.55,0.3,0.7975,0.0022,0.13,NEW,DEFERRED,False,0,"[""Affiliated with network community #9"", ""Elevated unified risk prioritization score (0.270)"", ""Statistical behavioral billing anomaly flagged"", ""Substantial corroborating evidence strength (0.669)""]",0,2,0,9,2026-10-08T18:15:19.111115+00:00,2026-10-08T18:38:52.966480+00:00,1.0.0,1.0.0
SIU-000029,CASE-000022,P0353,29,0.377,MEDIUM,0.2874,MODERATE,0.6805,0.8025,1451.82,0.3,0.0725,0.0022,0.205,NEW,DEFERRED,False,0,"[""Affiliated with network community #2"", ""Elevated unified risk prioritization score (0.287)"", ""Substantial corroborating evidence strength (0.680)"", ""Multiple detection rule alerts (5 alerts)""]",0,5,0,2,2026-10-08T18:15:19.111115+00:00,2026-10-08T18:38:52.966480+00:00,1.0.0,1.0.0
SIU-000030,CASE-000033,P0026,30,0.3764,MEDIUM,0.2826,MODERATE,0.6689,0.7942,273.73,0.3,0.6043,0.0022,0.18,NEW,DEFERRED,False,0,"[""Affiliated with network community #7"", ""Elevated unified risk prioritization score (0.283)"", ""Statistical behavioral billing anomaly flagged"", ""Substantial corroborating evidence strength (0.669)""]",0,4,0,7,2026-10-08T18:15:19.111115+00:00,2026-10-08T18:38:52.966480+00:00,1.0.0,1.0.0
SIU-000031,CASE-000098,P0087,31,0.3738,MEDIUM,0.2651,MODERATE,0.6717,0.7928,408.26,0.3,0.609,0.0022,0.13,NEW,DEFERRED,False,0,"[""Affiliated with network community #8"", ""Elevated unified risk prioritization score (0.265)"", ""Statistical behavioral billing anomaly flagged"", ""Substantial corroborating evidence strength (0.672)""]",0,2,0,8,2026-10-08T18:15:19.111115+00:00,2026-10-08T18:38:52.966480+00:00,1.0.0,1.0.0
SIU-000032,CASE-000066,P0357,32,0.3731,MEDIUM,0.2734,MODERATE,0.6695,0.7947,297.89,0.3,0.6031,0.0022,0.155,NEW,DEFERRED,False,0,"[""Affiliated with network community #4"", ""Elevated unified risk prioritization score (0.273)"", ""Statistical behavioral billing anomaly flagged"", ""Substantial corroborating evidence strength (0.669)""]",0,3,0,4,2026-10-08T18:15:19.111115+00:00,2026-10-08T18:38:52.966480+00:00,1.0.0,1.0.0
SIU-000033,CASE-000018,P0446,33,0.3715,MEDIUM,0.2896,MODERATE,0.6768,0.815,856.71,0.3,0.051,0.0022,0.255,NEW,DEFERRED,False,0,"[""Affiliated with network community #0"", ""Elevated unified risk prioritization score (0.290)"", ""Substantial corroborating evidence strength (0.677)"", ""Multiple detection rule alerts (7 alerts)""]",0,7,0,0,2026-10-08T18:15:19.111115+00:00,2026-10-08T18:38:52.966480+00:00,1.0.0,1.0.0
SIU-000034,CASE-000058,P0276,34,0.3706,MEDIUM,0.2764,MODERATE,0.6669,0.79,204.42,0.3,0.6431,0.0022,0.155,NEW,DEFERRED,False,0,"[""Affiliated with network community #5"", ""Elevated unified risk prioritization score (0.276)"", ""Statistical behavioral billing anomaly flagged"", ""Substantial corroborating evidence strength (0.667)""]",0,3,0,5,2026-10-08T18:15:19.111115+00:00,2026-10-08T18:38:52.966480+00:00,1.0.0,1.0.0
SIU-000035,CASE-000075,P0745,35,0.3698,MEDIUM,0.2706,MODERATE,0.681,0.8027,1563.02,0.3,0.0739,0.0022,0.155,NEW,DEFERRED,False,0,"[""Affiliated with network community #8"", ""Elevated unified risk prioritization score (0.271)"", ""Substantial corroborating evidence strength (0.681)""]",0,3,0,8,2026-10-08T18:15:19.111115+00:00,2026-10-08T18:38:52.966480+00:00,1.0.0,1.0.0
SIU-000036,CASE-000071,P0840,36,0.3696,MEDIUM,0.2724,MODERATE,0.6803,0.8105,1416.98,0.3,0.0618,0.0022,0.18,NEW,DEFERRED,False,0,"[""Affiliated with network community #0"", ""Elevated unified risk prioritization score (0.272)"", ""Substantial corroborating evidence strength (0.680)""]",0,4,0,0,2026-10-08T18:15:19.111115+00:00,2026-10-08T18:38:52.966480+00:00,1.0.0,1.0.0
SIU-000037,CASE-000028,P0368,37,0.3695,MEDIUM,0.2857,MODERATE,0.677,0.8116,875.57,0.3,0.0569,0.0022,0.23,NEW,DEFERRED,False,0,"[""Affiliated with network community #0"", ""Elevated unified risk prioritization score (0.286)"", ""Substantial corroborating evidence strength (0.677)"", ""Multiple detection rule alerts (6 alerts)""]",0,6,0,0,2026-10-08T18:15:19.111115+00:00,2026-10-08T18:38:52.966480+00:00,1.0.0,1.0.0
SIU-000038,CASE-000073,P0042,38,0.3685,MEDIUM,0.2719,MODERATE,0.6795,0.8197,1268.11,0.3,0.0492,0.0022,0.205,NEW,DEFERRED,False,0,"[""Affiliated with network community #8"", ""Elevated unified risk prioritization score (0.272)"", ""Substantial corroborating evidence strength (0.679)"", ""Multiple detection rule alerts (5 alerts)""]",0,5,0,8,2026-10-08T18:15:19.111115+00:00,2026-10-08T18:38:52.966480+00:00,1.0.0,1.0.0
SIU-000039,CASE-000097,P1103,39,0.3677,MEDIUM,0.2654,MODERATE,0.66,0.7912,75.13,0.3,0.6269,0.0022,0.48,NEW,DEFERRED,False,0,"[""Affiliated with network community #0"", ""Elevated unified risk prioritization score (0.265)"", ""Statistical behavioral billing anomaly flagged"", ""Substantial corroborating evidence strength (0.660)"", ""Contains 1 flagged high-risk claim(s)""]",1,2,0,0,2026-10-08T18:15:19.111115+00:00,2026-10-08T18:38:52.966480+00:00,1.0.0,1.0.0
SIU-000040,CASE-000104,P0633,40,0.3666,MEDIUM,0.2645,MODERATE,0.6801,0.828,1371.49,0.3,0.041,0.0022,0.205,NEW,DEFERRED,False,0,"[""Affiliated with network community #8"", ""Elevated unified risk prioritization score (0.265)"", ""Substantial corroborating evidence strength (0.680)"", ""Multiple detection rule alerts (5 alerts)""]",0,5,0,8,2026-10-08T18:15:19.111115+00:00,2026-10-08T18:38:52.966480+00:00,1.0.0,1.0.0
SIU-000041,CASE-000036,P0015,41,0.3654,MEDIUM,0.2822,MODERATE,0.6677,0.7982,229.93,0.3,0.0878,0.0022,0.53,NEW,DEFERRED,False,0,"[""Affiliated with network community #8"", ""Elevated unified risk prioritization score (0.282)"", ""Substantial corroborating evidence strength (0.668)"", ""Contains 1 flagged high-risk claim(s)""]",1,4,0,8,2026-10-08T18:15:19.111115+00:00,2026-10-08T18:38:52.966480+00:00,1.0.0,1.0.0
SIU-000042,CASE-000076,P0131,42,0.3652,MEDIUM,0.2702,MODERATE,0.6789,0.8022,1152.77,0.3,0.0743,0.0022,0.155,NEW,DEFERRED,False,0,"[""Affiliated with network community #2"", ""Elevated unified risk prioritization score (0.270)"", ""Substantial corroborating evidence strength (0.679)""]",0,3,0,2,2026-10-08T18:15:19.111115+00:00,2026-10-08T18:38:52.966480+00:00,1.0.0,1.0.0
SIU-000043,CASE-000055,P0703,43,0.3649,MEDIUM,0.2767,MODERATE,0.6631,0.7881,117.67,0.3,0.6869,0.0022,0.155,NEW,DEFERRED,False,0,"[""Affiliated with network community #8"", ""Elevated unified risk prioritization score (0.277)"", ""Statistical behavioral billing anomaly flagged"", ""Substantial corroborating evidence strength (0.663)""]",0,3,0,8,2026-10-08T18:15:19.111115+00:00,2026-10-08T18:38:52.966480+00:00,1.0.0,1.0.0
SIU-000044,CASE-000094,P0647,44,0.3648,MEDIUM,0.267,MODERATE,0.6646,0.7874,146.72,0.3,0.7129,0.0022,0.13,NEW,DEFERRED,False,0,"[""Affiliated with network community #8"", ""Elevated unified risk prioritization score (0.267)"", ""Statistical behavioral billing anomaly flagged"", ""Substantial corroborating evidence strength (0.665)""]",0,2,0,8,2026-10-08T18:15:19.111115+00:00,2026-10-08T18:38:52.966480+00:00,1.0.0,1.0.0
SIU-000045,CASE-000054,P1069,45,0.3647,MEDIUM,0.277,MODERATE,0.6621,0.7873,101.39,0.3,0.723,0.0022,0.155,NEW,DEFERRED,False,0,"[""Affiliated with network community #8"", ""Elevated unified risk prioritization score (0.277)"", ""Statistical behavioral billing anomaly flagged"", ""Substantial corroborating evidence strength (0.662)""]",0,3,0,8,2026-10-08T18:15:19.111115+00:00,2026-10-08T18:38:52.966480+00:00,1.0.0,1.0.0
SIU-000046,CASE-000043,P0723,46,0.3633,MEDIUM,0.2797,MODERATE,0.6757,0.8003,733.52,0.3,0.0772,0.0022,0.18,NEW,DEFERRED,False,0,"[""Affiliated with network community #4"", ""Elevated unified risk prioritization score (0.280)"", ""Substantial corroborating evidence strength (0.676)""]",0,4,0,4,2026-10-08T18:15:19.111115+00:00,2026-10-08T18:38:52.966480+00:00,1.0.0,1.0.0
SIU-000047,CASE-000139,P0720,47,0.361,MEDIUM,0.2559,MODERATE,0.679,0.837,1179.5,0.3,0.0332,0.0022,0.205,NEW,DEFERRED,False,0,"[""Affiliated with network community #5"", ""Elevated unified risk prioritization score (0.256)"", ""Substantial corroborating evidence strength (0.679)"", ""Multiple detection rule alerts (5 alerts)""]",0,5,0,5,2026-10-08T18:15:19.111115+00:00,2026-10-08T18:38:52.966480+00:00,1.0.0,1.0.0
SIU-000048,CASE-000129,P0746,48,0.3609,MEDIUM,0.2577,MODERATE,0.679,0.8267,1182.24,0.3,0.0427,0.0022,0.18,NEW,DEFERRED,False,0,"[""Affiliated with network community #1"", ""Elevated unified risk prioritization score (0.258)"", ""Substantial corroborating evidence strength (0.679)""]",0,4,0,1,2026-10-08T18:15:19.111115+00:00,2026-10-08T18:38:52.966480+00:00,1.0.0,1.0.0
SIU-000049,CASE-000012,P0910,49,0.3604,MEDIUM,0.2973,MODERATE,0.6699,0.8043,314.9,0.3,0.0664,0.0022,0.255,NEW,DEFERRED,False,0,"[""Affiliated with network community #5"", ""Elevated unified risk prioritization score (0.297)"", ""Substantial corroborating evidence strength (0.670)"", ""Multiple detection rule alerts (7 alerts)""]",0,7,0,5,2026-10-08T18:15:19.111115+00:00,2026-10-08T18:38:52.966480+00:00,1.0.0,1.0.0
SIU-000050,CASE-000070,P0304,50,0.3603,MEDIUM,0.2726,MODERATE,0.6759,0.7982,748.3,0.3,0.0848,0.0022,0.155,NEW,DEFERRED,False,0,"[""Affiliated with network community #0"", ""Elevated unified risk prioritization score (0.273)"", ""Substantial corroborating evidence strength (0.676)""]",0,3,0,0,2026-10-08T18:15:19.111115+00:00,2026-10-08T18:38:52.966480+00:00,1.0.0,1.0.0
SIU-000051,CASE-000040,P0917,51,0.3599,MEDIUM,0.2804,MODERATE,0.6739,0.7988,558.56,0.3,0.0822,0.0022,0.18,NEW,DEFERRED,False,0,"[""Affiliated with network community #5"", ""Elevated unified risk prioritization score (0.280)"", ""Substantial corroborating evidence strength (0.674)""]",0,4,0,5,2026-10-08T18:15:19.111115+00:00,2026-10-08T18:38:52.966480+00:00,1.0.0,1.0.0
SIU-000052,CASE-000052,P0631,52,0.3597,MEDIUM,0.2775,MODERATE,0.6739,0.8196,561.16,0.3,0.0484,0.0022,0.23,NEW,DEFERRED,False,0,"[""Affiliated with network community #0"", ""Elevated unified risk prioritization score (0.278)"", ""Substantial corroborating evidence strength (0.674)"", ""Multiple detection rule alerts (6 alerts)""]",0,6,0,0,2026-10-08T18:15:19.111115+00:00,2026-10-08T18:38:52.966480+00:00,1.0.0,1.0.0
SIU-000053,CASE-000045,P0508,53,0.3597,MEDIUM,0.2794,MODERATE,0.674,0.8,573.22,0.3,0.0778,0.0022,0.18,NEW,DEFERRED,False,0,"[""Affiliated with network community #2"", ""Elevated unified risk prioritization score (0.279)"", ""Substantial corroborating evidence strength (0.674)""]",0,4,0,2,2026-10-08T18:15:19.111115+00:00,2026-10-08T18:38:52.966480+00:00,1.0.0,1.0.0
SIU-000054,CASE-000023,P1196,54,0.359,MEDIUM,0.2874,MODERATE,0.6718,0.7993,412.01,0.3,0.0785,0.0022,0.205,NEW,DEFERRED,False,0,"[""Affiliated with network community #0"", ""Elevated unified risk prioritization score (0.287)"", ""Substantial corroborating evidence strength (0.672)"", ""Multiple detection rule alerts (5 alerts)""]",0,5,0,0,2026-10-08T18:15:19.111115+00:00,2026-10-08T18:38:52.966480+00:00,1.0.0,1.0.0
SIU-000055,CASE-000021,P0691,55,0.3589,MEDIUM,0.2886,MODERATE,0.6706,0.8211,347.93,0.3,0.043,0.0022,0.28,NEW,DEFERRED,False,0,"[""Affiliated with network community #5"", ""Elevated unified risk prioritization score (0.289)"", ""Substantial corroborating evidence strength (0.671)"", ""Multiple detection rule alerts (8 alerts)""]",0,8,0,5,2026-10-08T18:15:19.111115+00:00,2026-10-08T18:38:52.966480+00:00,1.0.0,1.0.0
SIU-000056,CASE-000039,P0912,56,0.3588,MEDIUM,0.2806,MODERATE,0.6733,0.7981,517.7,0.3,0.084,0.0006,0.18,NEW,DEFERRED,False,0,"[""Affiliated with network community #7"", ""Elevated unified risk prioritization score (0.281)"", ""Substantial corroborating evidence strength (0.673)""]",0,4,0,7,2026-10-08T18:15:19.111115+00:00,2026-10-08T18:38:52.966480+00:00,1.0.0,1.0.0
SIU-000057,CASE-000074,P0408,57,0.3582,MEDIUM,0.2709,MODERATE,0.6544,0.7929,32.86,0.3,0.635,0.0022,0.48,NEW,DEFERRED,False,0,"[""Affiliated with network community #2"", ""Elevated unified risk prioritization score (0.271)"", ""Statistical behavioral billing anomaly flagged"", ""Substantial corroborating evidence strength (0.654)"", ""Contains 5 flagged high-risk claim(s)""]",5,2,0,2,2026-10-08T18:15:19.111115+00:00,2026-10-08T18:38:52.966480+00:00,1.0.0,1.0.0
SIU-000058,CASE-000032,P0622,58,0.3577,MEDIUM,0.2831,MODERATE,0.6718,0.8128,414.91,0.3,0.0563,0.0022,0.23,NEW,DEFERRED,False,0,"[""Affiliated with network community #7"", ""Elevated unified risk prioritization score (0.283)"", ""Substantial corroborating evidence strength (0.672)"", ""Multiple detection rule alerts (6 alerts)""]",0,6,0,7,2026-10-08T18:15:19.111115+00:00,2026-10-08T18:38:52.966480+00:00,1.0.0,1.0.0
SIU-000059,CASE-000096,P0652,59,0.3568,MEDIUM,0.2664,MODERATE,0.675,0.8242,659.78,0.3,0.0441,0.0022,0.205,NEW,DEFERRED,False,0,"[""Affiliated with network community #4"", ""Elevated unified risk prioritization score (0.266)"", ""Substantial corroborating evidence strength (0.675)"", ""Multiple detection rule alerts (5 alerts)""]",0,5,0,4,2026-10-08T18:15:19.111115+00:00,2026-10-08T18:38:52.966480+00:00,1.0.0,1.0.0
SIU-000060,CASE-000035,P0265,60,0.3564,MEDIUM,0.2825,MODERATE,0.6587,0.7899,61.61,0.3,0.6416,0.0006,0.18,NEW,DEFERRED,False,0,"[""Affiliated with network community #9"", ""Elevated unified risk prioritization score (0.282)"", ""Statistical behavioral billing anomaly flagged"", ""Substantial corroborating evidence strength (0.659)""]",0,4,0,9,2026-10-08T18:15:19.111115+00:00,2026-10-08T18:38:52.966480+00:00,1.0.0,1.0.0
SIU-000061,CASE-000037,P0340,61,0.3555,MEDIUM,0.281,MODERATE,0.6715,0.8065,395.28,0.3,0.0661,0.0022,0.205,NEW,DEFERRED,False,0,"[""Affiliated with network community #5"", ""Elevated unified risk prioritization score (0.281)"", ""Substantial corroborating evidence strength (0.671)"", ""Multiple detection rule alerts (5 alerts)""]",0,5,0,5,2026-10-08T18:15:19.111115+00:00,2026-10-08T18:38:52.966480+00:00,1.0.0,1.0.0
SIU-000062,CASE-000111,P0056,62,0.3553,MEDIUM,0.2614,MODERATE,0.6753,0.8298,686.64,0.3,0.0392,0.0022,0.205,NEW,DEFERRED,False,0,"[""Affiliated with network community #1"", ""Elevated unified risk prioritization score (0.261)"", ""Substantial corroborating evidence strength (0.675)"", ""Multiple detection rule alerts (5 alerts)""]",0,5,0,1,2026-10-08T18:15:19.111115+00:00,2026-10-08T18:38:52.966480+00:00,1.0.0,1.0.0
SIU-000063,CASE-000089,P1153,63,0.355,MEDIUM,0.269,MODERATE,0.6728,0.8353,482.59,0.3,0.0322,0.0022,0.255,NEW,DEFERRED,False,0,"[""Affiliated with network community #5"", ""Elevated unified risk prioritization score (0.269)"", ""Substantial corroborating evidence strength (0.673)"", ""Multiple detection rule alerts (7 alerts)""]",0,7,0,5,2026-10-08T18:15:19.111115+00:00,2026-10-08T18:38:52.966480+00:00,1.0.0,1.0.0
SIU-000064,CASE-000106,P0361,64,0.355,MEDIUM,0.2638,MODERATE,0.667,0.8092,206.3,0.3,0.0656,0.0022,0.505,NEW,DEFERRED,False,0,"[""Affiliated with network community #0"", ""Elevated unified risk prioritization score (0.264)"", ""Substantial corroborating evidence strength (0.667)"", ""Contains 1 flagged high-risk claim(s)""]",1,3,0,0,2026-10-08T18:15:19.111115+00:00,2026-10-08T18:38:52.966480+00:00,1.0.0,1.0.0
SIU-000065,CASE-000120,P0310,65,0.355,MEDIUM,0.2591,MODERATE,0.6764,0.802,810.25,0.3,0.0747,0.0022,0.13,NEW,DEFERRED,False,0,"[""Affiliated with network community #2"", ""Elevated unified risk prioritization score (0.259)"", ""Substantial corroborating evidence strength (0.676)""]",0,2,0,2,2026-10-08T18:15:19.111115+00:00,2026-10-08T18:38:52.966480+00:00,1.0.0,1.0.0
SIU-000066,CASE-000042,P0244,66,0.3545,MEDIUM,0.2799,MODERATE,0.6589,0.7934,64.01,0.3,0.6065,0.0022,0.18,NEW,DEFERRED,False,0,"[""Affiliated with network community #9"", ""Elevated unified risk prioritization score (0.280)"", ""Statistical behavioral billing anomaly flagged"", ""Substantial corroborating evidence strength (0.659)""]",0,4,0,9,2026-10-08T18:15:19.111115+00:00,2026-10-08T18:38:52.966480+00:00,1.0.0,1.0.0
SIU-000067,CASE-000102,P0334,67,0.3544,MEDIUM,0.2648,MODERATE,0.6748,0.8069,641.48,0.3,0.0668,0.0022,0.155,NEW,DEFERRED,False,0,"[""Affiliated with network community #2"", ""Elevated unified risk prioritization score (0.265)"", ""Substantial corroborating evidence strength (0.675)""]",0,3,0,2,2026-10-08T18:15:19.111115+00:00,2026-10-08T18:38:52.966480+00:00,1.0.0,1.0.0
SIU-000068,CASE-000050,P0562,68,0.354,MEDIUM,0.278,MODERATE,0.6717,0.8004,407.27,0.3,0.0762,0.0006,0.18,NEW,DEFERRED,False,0,"[""Affiliated with network community #2"", ""Elevated unified risk prioritization score (0.278)"", ""Substantial corroborating evidence strength (0.672)""]",0,4,0,2,2026-10-08T18:15:19.111115+00:00,2026-10-08T18:38:52.966480+00:00,1.0.0,1.0.0
SIU-000069,CASE-000151,P0938,69,0.354,MEDIUM,0.2541,MODERATE,0.6681,0.8296,242.08,0.3,0.0415,0.0022,0.53,NEW,DEFERRED,False,0,"[""Affiliated with network community #5"", ""Elevated unified risk prioritization score (0.254)"", ""Substantial corroborating evidence strength (0.668)"", ""Contains 1 flagged high-risk claim(s)""]",1,4,0,5,2026-10-08T18:15:19.111115+00:00,2026-10-08T18:38:52.966480+00:00,1.0.0,1.0.0
SIU-000070,CASE-000041,P0594,70,0.3526,MEDIUM,0.2799,MODERATE,0.6703,0.8073,333.59,0.3,0.0655,0.0022,0.205,NEW,DEFERRED,False,0,"[""Affiliated with network community #7"", ""Elevated unified risk prioritization score (0.280)"", ""Substantial corroborating evidence strength (0.670)"", ""Multiple detection rule alerts (5 alerts)""]",0,5,0,7,2026-10-08T18:15:19.111115+00:00,2026-10-08T18:38:52.966480+00:00,1.0.0,1.0.0
SIU-000071,CASE-000049,P0726,71,0.3521,MEDIUM,0.2786,MODERATE,0.6652,0.8046,160.1,0.3,0.0745,0.1163,0.18,NEW,DEFERRED,False,0,"[""Affiliated with network community #4"", ""Elevated unified risk prioritization score (0.279)"", ""Substantial corroborating evidence strength (0.665)"", ""Elevated future risk trajectory (0.116)""]",0,4,0,4,2026-10-08T18:15:19.111115+00:00,2026-10-08T18:38:52.966480+00:00,1.0.0,1.0.0
SIU-000072,CASE-000105,P0598,72,0.3517,MEDIUM,0.2645,MODERATE,0.6585,0.7887,59.78,0.3,0.677,0.0275,0.13,NEW,DEFERRED,False,0,"[""Affiliated with network community #8"", ""Elevated unified risk prioritization score (0.265)"", ""Statistical behavioral billing anomaly flagged"", ""Substantial corroborating evidence strength (0.658)""]",0,2,0,8,2026-10-08T18:15:19.111115+00:00,2026-10-08T18:38:52.966480+00:00,1.0.0,1.0.0
SIU-000073,CASE-000046,P1138,73,0.3514,MEDIUM,0.2793,MODERATE,0.6688,0.7992,267.13,0.3,0.0835,0.0275,0.18,NEW,DEFERRED,False,0,"[""Affiliated with network community #2"", ""Elevated unified risk prioritization score (0.279)"", ""Substantial corroborating evidence strength (0.669)""]",0,4,0,2,2026-10-08T18:15:19.111115+00:00,2026-10-08T18:38:52.966480+00:00,1.0.0,1.0.0
SIU-000074,CASE-000092,P0201,74,0.3512,MEDIUM,0.2677,MODERATE,0.6724,0.8129,454.03,0.3,0.0582,0.0022,0.18,NEW,DEFERRED,False,0,"[""Affiliated with network community #2"", ""Elevated unified risk prioritization score (0.268)"", ""Substantial corroborating evidence strength (0.672)""]",0,4,0,2,2026-10-08T18:15:19.111115+00:00,2026-10-08T18:38:52.966480+00:00,1.0.0,1.0.0
SIU-000075,CASE-000062,P0410,75,0.3503,MEDIUM,0.2754,MODERATE,0.6704,0.8032,336.93,0.3,0.0731,0.0022,0.18,NEW,DEFERRED,False,0,"[""Affiliated with network community #2"", ""Elevated unified risk prioritization score (0.275)"", ""Substantial corroborating evidence strength (0.670)""]",0,4,0,2,2026-10-08T18:15:19.111115+00:00,2026-10-08T18:38:52.966480+00:00,1.0.0,1.0.0
SIU-000076,CASE-000140,P0780,76,0.3503,MEDIUM,0.2558,MODERATE,0.6739,0.8354,563.88,0.3,0.0349,0.0022,0.205,NEW,DEFERRED,False,0,"[""Affiliated with network community #5"", ""Elevated unified risk prioritization score (0.256)"", ""Substantial corroborating evidence strength (0.674)"", ""Multiple detection rule alerts (5 alerts)""]",0,5,0,5,2026-10-08T18:15:19.111115+00:00,2026-10-08T18:38:52.966480+00:00,1.0.0,1.0.0
SIU-000077,CASE-000027,P1061,77,0.35,MEDIUM,0.2864,MODERATE,0.6674,0.8075,219.92,0.3,0.0648,0.0022,0.23,NEW,DEFERRED,False,0,"[""Affiliated with network community #4"", ""Elevated unified risk prioritization score (0.286)"", ""Substantial corroborating evidence strength (0.667)"", ""Multiple detection rule alerts (6 alerts)""]",0,6,0,4,2026-10-08T18:15:19.111115+00:00,2026-10-08T18:38:52.966480+00:00,1.0.0,1.0.0
SIU-000078,CASE-000068,P0846,78,0.35,MEDIUM,0.2731,MODERATE,0.6705,0.8151,341.52,0.3,0.0543,0.0022,0.205,NEW,DEFERRED,False,0,"[""Affiliated with network community #4"", ""Elevated unified risk prioritization score (0.273)"", ""Substantial corroborating evidence strength (0.670)"", ""Multiple detection rule alerts (5 alerts)""]",0,5,0,4,2026-10-08T18:15:19.111115+00:00,2026-10-08T18:38:52.966480+00:00,1.0.0,1.0.0
SIU-000079,CASE-000119,P0404,79,0.3497,LOW,0.2593,MODERATE,0.6734,0.8229,521.28,0.3,0.0473,0.0022,0.18,NEW,DEFERRED,False,0,"[""Affiliated with network community #4"", ""Elevated unified risk prioritization score (0.259)"", ""Substantial corroborating evidence strength (0.673)""]",0,4,0,4,2026-10-08T18:15:19.111115+00:00,2026-10-08T18:38:52.966480+00:00,1.0.0,1.0.0
SIU-000080,CASE-000093,P0288,80,0.3496,LOW,0.2677,MODERATE,0.6717,0.8126,406.35,0.3,0.0586,0.0022,0.18,NEW,DEFERRED,False,0,"[""Affiliated with network community #0"", ""Elevated unified risk prioritization score (0.268)"", ""Substantial corroborating evidence strength (0.672)""]",0,4,0,0,2026-10-08T18:15:19.111115+00:00,2026-10-08T18:38:52.966480+00:00,1.0.0,1.0.0
SIU-000081,CASE-000079,P0595,81,0.3494,LOW,0.2701,MODERATE,0.671,0.8096,369.37,0.3,0.0643,0.0022,0.18,NEW,DEFERRED,False,0,"[""Affiliated with network community #2"", ""Elevated unified risk prioritization score (0.270)"", ""Substantial corroborating evidence strength (0.671)""]",0,4,0,2,2026-10-08T18:15:19.111115+00:00,2026-10-08T18:38:52.966480+00:00,1.0.0,1.0.0
SIU-000082,CASE-000083,P0888,82,0.3491,LOW,0.2697,MODERATE,0.6707,0.8191,352.83,0.3,0.0501,0.0022,0.205,NEW,DEFERRED,False,0,"[""Affiliated with network community #0"", ""Elevated unified risk prioritization score (0.270)"", ""Substantial corroborating evidence strength (0.671)"", ""Multiple detection rule alerts (5 alerts)""]",0,5,0,0,2026-10-08T18:15:19.111115+00:00,2026-10-08T18:38:52.966480+00:00,1.0.0,1.0.0
SIU-000083,CASE-000061,P0260,83,0.3489,LOW,0.2757,MODERATE,0.6697,0.8026,303.97,0.3,0.0735,0.0022,0.18,NEW,DEFERRED,False,0,"[""Affiliated with network community #0"", ""Elevated unified risk prioritization score (0.276)"", ""Substantial corroborating evidence strength (0.670)""]",0,4,0,0,2026-10-08T18:15:19.111115+00:00,2026-10-08T18:38:52.966480+00:00,1.0.0,1.0.0
SIU-000084,CASE-000143,P1149,84,0.3487,LOW,0.2556,MODERATE,0.6742,0.805,587.93,0.3,0.0701,0.0006,0.13,NEW,DEFERRED,False,0,"[""Affiliated with network community #8"", ""Elevated unified risk prioritization score (0.256)"", ""Substantial corroborating evidence strength (0.674)""]",0,2,0,8,2026-10-08T18:15:19.111115+00:00,2026-10-08T18:38:52.966480+00:00,1.0.0,1.0.0
SIU-000085,CASE-000131,P0109,85,0.3483,LOW,0.2574,MODERATE,0.6734,0.8152,523.61,0.3,0.0564,0.0022,0.155,NEW,DEFERRED,False,0,"[""Affiliated with network community #0"", ""Elevated unified risk prioritization score (0.257)"", ""Substantial corroborating evidence strength (0.673)""]",0,3,0,0,2026-10-08T18:15:19.111115+00:00,2026-10-08T18:38:52.966480+00:00,1.0.0,1.0.0
SIU-000086,CASE-000060,P0977,86,0.3474,LOW,0.2758,MODERATE,0.6686,0.8115,262.91,0.3,0.0595,0.0022,0.205,NEW,DEFERRED,False,0,"[""Affiliated with network community #9"", ""Elevated unified risk prioritization score (0.276)"", ""Substantial corroborating evidence strength (0.669)"", ""Multiple detection rule alerts (5 alerts)""]",0,5,0,9,2026-10-08T18:15:19.111115+00:00,2026-10-08T18:38:52.966480+00:00,1.0.0,1.0.0
SIU-000087,CASE-000121,P0556,87,0.3467,LOW,0.2591,MODERATE,0.6723,0.8125,448.15,0.3,0.0597,0.0006,0.155,NEW,DEFERRED,False,0,"[""Affiliated with network community #4"", ""Elevated unified risk prioritization score (0.259)"", ""Substantial corroborating evidence strength (0.672)""]",0,3,0,4,2026-10-08T18:15:19.111115+00:00,2026-10-08T18:38:52.966480+00:00,1.0.0,1.0.0
SIU-000088,CASE-000138,P0548,88,0.3463,LOW,0.2563,MODERATE,0.6723,0.826,447.87,0.3,0.0439,0.0022,0.18,NEW,DEFERRED,False,0,"[""Affiliated with network community #1"", ""Elevated unified risk prioritization score (0.256)"", ""Substantial corroborating evidence strength (0.672)""]",0,4,0,1,2026-10-08T18:15:19.111115+00:00,2026-10-08T18:38:52.966480+00:00,1.0.0,1.0.0
SIU-000089,CASE-000064,P0096,89,0.3462,LOW,0.2741,MODERATE,0.6687,0.8041,263.98,0.3,0.0706,0.0022,0.18,NEW,DEFERRED,False,0,"[""Affiliated with network community #2"", ""Elevated unified risk prioritization score (0.274)"", ""Substantial corroborating evidence strength (0.669)""]",0,4,0,2,2026-10-08T18:15:19.111115+00:00,2026-10-08T18:38:52.966480+00:00,1.0.0,1.0.0
SIU-000090,CASE-000056,P0411,90,0.3461,LOW,0.2764,MODERATE,0.6679,0.8104,235.41,0.3,0.0603,0.0022,0.205,NEW,DEFERRED,False,0,"[""Affiliated with network community #0"", ""Elevated unified risk prioritization score (0.276)"", ""Substantial corroborating evidence strength (0.668)"", ""Multiple detection rule alerts (5 alerts)""]",0,5,0,0,2026-10-08T18:15:19.111115+00:00,2026-10-08T18:38:52.966480+00:00,1.0.0,1.0.0
SIU-000091,CASE-000101,P0545,91,0.3457,LOW,0.2649,MODERATE,0.6704,0.8154,337.12,0.3,0.0549,0.0022,0.18,NEW,DEFERRED,False,0,"[""Affiliated with network community #2"", ""Elevated unified risk prioritization score (0.265)"", ""Substantial corroborating evidence strength (0.670)""]",0,4,0,2,2026-10-08T18:15:19.111115+00:00,2026-10-08T18:38:52.966480+00:00,1.0.0,1.0.0
SIU-000092,CASE-000057,P0686,92,0.3451,LOW,0.2764,MODERATE,0.6674,0.8103,218.75,0.3,0.0617,0.0022,0.205,NEW,DEFERRED,False,0,"[""Affiliated with network community #5"", ""Elevated unified risk prioritization score (0.276)"", ""Substantial corroborating evidence strength (0.667)"", ""Multiple detection rule alerts (5 alerts)""]",0,5,0,5,2026-10-08T18:15:19.111115+00:00,2026-10-08T18:38:52.966480+00:00,1.0.0,1.0.0
SIU-000093,CASE-000084,P1168,93,0.3451,LOW,0.2697,MODERATE,0.6692,0.7989,282.92,0.3,0.0836,0.0022,0.155,NEW,DEFERRED,False,0,"[""Affiliated with network community #9"", ""Elevated unified risk prioritization score (0.270)"", ""Substantial corroborating evidence strength (0.669)""]",0,3,0,9,2026-10-08T18:15:19.111115+00:00,2026-10-08T18:38:52.966480+00:00,1.0.0,1.0.0
SIU-000094,CASE-000116,P0136,94,0.3447,LOW,0.2602,MODERATE,0.6708,0.8209,359.2,0.3,0.0492,0.0022,0.18,NEW,DEFERRED,False,0,"[""Affiliated with network community #7"", ""Elevated unified risk prioritization score (0.260)"", ""Substantial corroborating evidence strength (0.671)""]",0,4,0,7,2026-10-08T18:15:19.111115+00:00,2026-10-08T18:38:52.966480+00:00,1.0.0,1.0.0
SIU-000095,CASE-000159,P0225,95,0.3442,LOW,0.2521,MODERATE,0.6713,0.8456,383.46,0.3,0.0267,0.0022,0.23,NEW,DEFERRED,False,0,"[""Affiliated with network community #8"", ""Elevated unified risk prioritization score (0.252)"", ""Substantial corroborating evidence strength (0.671)"", ""Multiple detection rule alerts (6 alerts)""]",0,6,0,8,2026-10-08T18:15:19.111115+00:00,2026-10-08T18:38:52.966480+00:00,1.0.0,1.0.0
SIU-000096,CASE-000148,P0150,96,0.3442,LOW,0.2546,MODERATE,0.6712,0.8359,382.2,0.3,0.0347,0.0022,0.205,NEW,DEFERRED,False,0,"[""Affiliated with network community #0"", ""Elevated unified risk prioritization score (0.255)"", ""Substantial corroborating evidence strength (0.671)"", ""Multiple detection rule alerts (5 alerts)""]",0,5,0,0,2026-10-08T18:15:19.111115+00:00,2026-10-08T18:38:52.966480+00:00,1.0.0,1.0.0
SIU-000097,CASE-000048,P0402,97,0.3441,LOW,0.2791,MODERATE,0.6664,0.8069,188.72,0.3,0.066,0.0022,0.205,NEW,DEFERRED,False,0,"[""Affiliated with network community #8"", ""Elevated unified risk prioritization score (0.279)"", ""Substantial corroborating evidence strength (0.666)"", ""Multiple detection rule alerts (5 alerts)""]",0,5,0,8,2026-10-08T18:15:19.111115+00:00,2026-10-08T18:38:52.966480+00:00,1.0.0,1.0.0
SIU-000098,CASE-000088,P0689,98,0.3437,LOW,0.2692,MODERATE,0.6682,0.8188,246.96,0.3,0.0504,0.0022,0.205,NEW,DEFERRED,False,0,"[""Affiliated with network community #5"", ""Elevated unified risk prioritization score (0.269)"", ""Substantial corroborating evidence strength (0.668)"", ""Multiple detection rule alerts (5 alerts)""]",0,5,0,5,2026-10-08T18:15:19.111115+00:00,2026-10-08T18:38:52.966480+00:00,1.0.0,1.0.0
SIU-000099,CASE-000137,P0369,99,0.3433,LOW,0.2567,MODERATE,0.67,0.8406,319.38,0.3,0.0302,0.0022,0.23,NEW,DEFERRED,False,0,"[""Affiliated with network community #2"", ""Elevated unified risk prioritization score (0.257)"", ""Substantial corroborating evidence strength (0.670)"", ""Multiple detection rule alerts (6 alerts)""]",0,6,0,2,2026-10-08T18:15:19.111115+00:00,2026-10-08T18:38:52.966480+00:00,1.0.0,1.0.0
SIU-000100,CASE-000113,P1182,100,0.3429,LOW,0.2604,MODERATE,0.6699,0.8204,315.6,0.3,0.0498,0.0022,0.18,NEW,DEFERRED,False,0,"[""Affiliated with network community #9"", ""Elevated unified risk prioritization score (0.260)"", ""Substantial corroborating evidence strength (0.670)""]",0,4,0,9,2026-10-08T18:15:19.111115+00:00,2026-10-08T18:38:52.966480+00:00,1.0.0,1.0.0
SIU-000101,CASE-000114,P1007,101,0.3423,LOW,0.2604,MODERATE,0.6575,0.7923,51.83,0.3,0.6095,0.0022,0.13,NEW,DEFERRED,False,0,"[""Affiliated with network community #7"", ""Elevated unified risk prioritization score (0.260)"", ""Statistical behavioral billing anomaly flagged"", ""Substantial corroborating evidence strength (0.657)""]",0,2,0,7,2026-10-08T18:15:19.111115+00:00,2026-10-08T18:38:52.966480+00:00,1.0.0,1.0.0
SIU-000102,CASE-000053,P0219,102,0.3417,LOW,0.277,MODERATE,0.6659,0.7996,175.4,0.3,0.0793,0.0022,0.18,NEW,DEFERRED,False,0,"[""Affiliated with network community #8"", ""Elevated unified risk prioritization score (0.277)"", ""Substantial corroborating evidence strength (0.666)""]",0,4,0,8,2026-10-08T18:15:19.111115+00:00,2026-10-08T18:38:52.966480+00:00,1.0.0,1.0.0
SIU-000103,CASE-000156,P0197,103,0.3417,LOW,0.2529,MODERATE,0.6712,0.8192,379.47,0.3,0.0512,0.0006,0.155,NEW,DEFERRED,False,0,"[""Affiliated with network community #2"", ""Elevated unified risk prioritization score (0.253)"", ""Substantial corroborating evidence strength (0.671)""]",0,3,0,2,2026-10-08T18:15:19.111115+00:00,2026-10-08T18:38:52.966480+00:00,1.0.0,1.0.0
SIU-000104,CASE-000072,P0946,104,0.3413,LOW,0.2723,MODERATE,0.6655,0.806,166.55,0.3,0.0688,0.0275,0.18,NEW,DEFERRED,False,0,"[""Affiliated with network community #0"", ""Elevated unified risk prioritization score (0.272)"", ""Substantial corroborating evidence strength (0.665)""]",0,4,0,0,2026-10-08T18:15:19.111115+00:00,2026-10-08T18:38:52.966480+00:00,1.0.0,1.0.0
SIU-000105,CASE-000109,P0164,105,0.3407,LOW,0.263,MODERATE,0.6545,0.7876,33.2,0.3,0.6907,0.0006,0.13,NEW,DEFERRED,False,0,"[""Affiliated with network community #0"", ""Elevated unified risk prioritization score (0.263)"", ""Statistical behavioral billing anomaly flagged"", ""Substantial corroborating evidence strength (0.654)""]",0,2,0,0,2026-10-08T18:15:19.111115+00:00,2026-10-08T18:38:52.966480+00:00,1.0.0,1.0.0
SIU-000106,CASE-000034,P0890,106,0.3403,LOW,0.2826,MODERATE,0.6638,0.8018,129.69,0.3,0.074,0.0022,0.205,NEW,DEFERRED,False,0,"[""Affiliated with network community #0"", ""Elevated unified risk prioritization score (0.283)"", ""Substantial corroborating evidence strength (0.664)"", ""Multiple detection rule alerts (5 alerts)""]",0,5,0,0,2026-10-08T18:15:19.111115+00:00,2026-10-08T18:38:52.966480+00:00,1.0.0,1.0.0
SIU-000107,CASE-000142,P0360,107,0.3397,LOW,0.2557,MODERATE,0.6696,0.8157,302.47,0.3,0.0562,0.0022,0.155,NEW,DEFERRED,False,0,"[""Affiliated with network community #4"", ""Elevated unified risk prioritization score (0.256)"", ""Substantial corroborating evidence strength (0.670)""]",0,3,0,4,2026-10-08T18:15:19.111115+00:00,2026-10-08T18:38:52.966480+00:00,1.0.0,1.0.0
SIU-000108,CASE-000067,P0924,108,0.3397,LOW,0.2733,MODERATE,0.6657,0.8039,171.49,0.3,0.0713,0.0022,0.18,NEW,DEFERRED,False,0,"[""Affiliated with network community #0"", ""Elevated unified risk prioritization score (0.273)"", ""Substantial corroborating evidence strength (0.666)""]",0,4,0,0,2026-10-08T18:15:19.111115+00:00,2026-10-08T18:38:52.966480+00:00,1.0.0,1.0.0
SIU-000109,CASE-000077,P0678,109,0.3394,LOW,0.2702,MODERATE,0.6663,0.797,188.12,0.3,0.0894,0.0006,0.155,NEW,DEFERRED,False,0,"[""Affiliated with network community #9"", ""Elevated unified risk prioritization score (0.270)"", ""Substantial corroborating evidence strength (0.666)""]",0,3,0,9,2026-10-08T18:15:19.111115+00:00,2026-10-08T18:38:52.966480+00:00,1.0.0,1.0.0
SIU-000110,CASE-000167,P0491,110,0.3388,LOW,0.2505,MODERATE,0.6698,0.8315,312.25,0.3,0.0391,0.0022,0.18,NEW,DEFERRED,False,0,"[""Affiliated with network community #0"", ""Elevated unified risk prioritization score (0.251)"", ""Substantial corroborating evidence strength (0.670)""]",0,4,0,0,2026-10-08T18:15:19.111115+00:00,2026-10-08T18:38:52.966480+00:00,1.0.0,1.0.0
SIU-000111,CASE-000059,P1050,111,0.3384,LOW,0.2759,MODERATE,0.6643,0.8096,140.43,0.3,0.0633,0.0006,0.205,NEW,DEFERRED,False,0,"[""Affiliated with network community #2"", ""Elevated unified risk prioritization score (0.276)"", ""Substantial corroborating evidence strength (0.664)"", ""Multiple detection rule alerts (5 alerts)""]",0,5,0,2,2026-10-08T18:15:19.111115+00:00,2026-10-08T18:38:52.966480+00:00,1.0.0,1.0.0
SIU-000112,CASE-000155,P0121,112,0.3379,LOW,0.253,MODERATE,0.6685,0.8368,258.35,0.3,0.0341,0.0022,0.205,NEW,DEFERRED,False,0,"[""Affiliated with network community #0"", ""Elevated unified risk prioritization score (0.253)"", ""Substantial corroborating evidence strength (0.668)"", ""Multiple detection rule alerts (5 alerts)""]",0,5,0,0,2026-10-08T18:15:19.111115+00:00,2026-10-08T18:38:52.966480+00:00,1.0.0,1.0.0
SIU-000113,CASE-000081,P0270,113,0.3374,LOW,0.2698,MODERATE,0.6642,0.7978,137.11,0.3,0.089,0.0275,0.155,NEW,DEFERRED,False,0,"[""Affiliated with network community #4"", ""Elevated unified risk prioritization score (0.270)"", ""Substantial corroborating evidence strength (0.664)""]",0,3,0,4,2026-10-08T18:15:19.111115+00:00,2026-10-08T18:38:52.966480+00:00,1.0.0,1.0.0
SIU-000114,CASE-000065,P0050,114,0.3373,LOW,0.2741,MODERATE,0.6642,0.8118,136.98,0.3,0.0593,0.0022,0.205,NEW,DEFERRED,False,0,"[""Affiliated with network community #9"", ""Elevated unified risk prioritization score (0.274)"", ""Substantial corroborating evidence strength (0.664)"", ""Multiple detection rule alerts (5 alerts)""]",0,5,0,9,2026-10-08T18:15:19.111115+00:00,2026-10-08T18:38:52.966480+00:00,1.0.0,1.0.0
SIU-000115,CASE-000069,P1067,115,0.337,LOW,0.273,MODERATE,0.6645,0.8038,143.71,0.3,0.0719,0.0022,0.18,NEW,DEFERRED,False,0,"[""Affiliated with network community #7"", ""Elevated unified risk prioritization score (0.273)"", ""Substantial corroborating evidence strength (0.664)""]",0,4,0,7,2026-10-08T18:15:19.111115+00:00,2026-10-08T18:38:52.966480+00:00,1.0.0,1.0.0
SIU-000116,CASE-000157,P0651,116,0.3369,LOW,0.2529,MODERATE,0.6685,0.8283,257.04,0.3,0.0416,0.0022,0.18,NEW,DEFERRED,False,0,"[""Affiliated with network community #2"", ""Elevated unified risk prioritization score (0.253)"", ""Substantial corroborating evidence strength (0.668)""]",0,4,0,2,2026-10-08T18:15:19.111115+00:00,2026-10-08T18:38:52.966480+00:00,1.0.0,1.0.0
SIU-000117,CASE-000047,P0785,117,0.3365,LOW,0.2792,MODERATE,0.6626,0.7957,109.43,0.3,0.0975,0.0022,0.18,NEW,DEFERRED,False,0,"[""Affiliated with network community #4"", ""Elevated unified risk prioritization score (0.279)"", ""Substantial corroborating evidence strength (0.663)""]",0,4,0,4,2026-10-08T18:15:19.111115+00:00,2026-10-08T18:38:52.966480+00:00,1.0.0,1.0.0
SIU-000118,CASE-000154,P0637,118,0.3364,LOW,0.2531,MODERATE,0.6682,0.828,247.14,0.3,0.0422,0.0022,0.18,NEW,DEFERRED,False,0,"[""Affiliated with network community #1"", ""Elevated unified risk prioritization score (0.253)"", ""Substantial corroborating evidence strength (0.668)""]",0,4,0,1,2026-10-08T18:15:19.111115+00:00,2026-10-08T18:38:52.966480+00:00,1.0.0,1.0.0
SIU-000119,CASE-000115,P0704,119,0.336,LOW,0.2604,MODERATE,0.6544,0.7908,32.86,0.3,0.617,0.0006,0.13,NEW,DEFERRED,False,0,"[""Affiliated with network community #0"", ""Elevated unified risk prioritization score (0.260)"", ""Statistical behavioral billing anomaly flagged"", ""Substantial corroborating evidence strength (0.654)""]",0,2,0,0,2026-10-08T18:15:19.111115+00:00,2026-10-08T18:38:52.966480+00:00,1.0.0,1.0.0
SIU-000120,CASE-000118,P0284,120,0.3358,LOW,0.2596,MODERATE,0.6545,0.792,33.42,0.3,0.6105,0.0022,0.13,NEW,DEFERRED,False,0,"[""Affiliated with network community #4"", ""Elevated unified risk prioritization score (0.260)"", ""Statistical behavioral billing anomaly flagged"", ""Substantial corroborating evidence strength (0.654)""]",0,2,0,4,2026-10-08T18:15:19.111115+00:00,2026-10-08T18:38:52.966480+00:00,1.0.0,1.0.0
SIU-000121,CASE-000099,P1173,121,0.3357,LOW,0.2651,MODERATE,0.6655,0.8134,167.0,0.3,0.0579,0.0022,0.18,NEW,DEFERRED,False,0,"[""Affiliated with network community #8"", ""Elevated unified risk prioritization score (0.265)"", ""Substantial corroborating evidence strength (0.665)""]",0,4,0,8,2026-10-08T18:15:19.111115+00:00,2026-10-08T18:38:52.966480+00:00,1.0.0,1.0.0
SIU-000122,CASE-000130,P0627,122,0.3356,LOW,0.2577,MODERATE,0.6669,0.8224,204.27,0.3,0.0482,0.0022,0.18,NEW,DEFERRED,False,0,"[""Affiliated with network community #1"", ""Elevated unified risk prioritization score (0.258)"", ""Substantial corroborating evidence strength (0.667)""]",0,4,0,1,2026-10-08T18:15:19.111115+00:00,2026-10-08T18:38:52.966480+00:00,1.0.0,1.0.0
SIU-000123,CASE-000086,P0039,123,0.3355,LOW,0.2695,MODERATE,0.6645,0.7972,144.81,0.3,0.0893,0.0022,0.155,NEW,DEFERRED,False,0,"[""Affiliated with network community #5"", ""Elevated unified risk prioritization score (0.270)"", ""Substantial corroborating evidence strength (0.664)""]",0,3,0,5,2026-10-08T18:15:19.111115+00:00,2026-10-08T18:38:52.966480+00:00,1.0.0,1.0.0
SIU-000124,CASE-000164,P0489,124,0.3355,LOW,0.2515,MODERATE,0.6684,0.82,254.32,0.3,0.0509,0.0022,0.155,NEW,DEFERRED,False,0,"[""Affiliated with network community #2"", ""Elevated unified risk prioritization score (0.252)"", ""Substantial corroborating evidence strength (0.668)""]",0,3,0,2,2026-10-08T18:15:19.111115+00:00,2026-10-08T18:38:52.966480+00:00,1.0.0,1.0.0
SIU-000125,CASE-000078,P0430,125,0.335,LOW,0.2702,MODERATE,0.6641,0.8068,135.78,0.3,0.0666,0.0022,0.18,NEW,DEFERRED,False,0,"[""Affiliated with network community #5"", ""Elevated unified risk prioritization score (0.270)"", ""Substantial corroborating evidence strength (0.664)""]",0,4,0,5,2026-10-08T18:15:19.111115+00:00,2026-10-08T18:38:52.966480+00:00,1.0.0,1.0.0
SIU-000126,CASE-000110,P1062,126,0.3343,LOW,0.2618,MODERATE,0.6656,0.8169,168.14,0.3,0.0534,0.0006,0.18,NEW,DEFERRED,False,0,"[""Affiliated with network community #4"", ""Elevated unified risk prioritization score (0.262)"", ""Substantial corroborating evidence strength (0.666)""]",0,4,0,4,2026-10-08T18:15:19.111115+00:00,2026-10-08T18:38:52.966480+00:00,1.0.0,1.0.0
SIU-000127,CASE-000165,P0987,127,0.3336,LOW,0.2513,MODERATE,0.6678,0.8076,231.46,0.3,0.0665,0.0022,0.13,NEW,DEFERRED,False,0,"[""Affiliated with network community #3"", ""Elevated unified risk prioritization score (0.251)"", ""Substantial corroborating evidence strength (0.668)""]",0,2,0,3,2026-10-08T18:15:19.111115+00:00,2026-10-08T18:38:52.966480+00:00,1.0.0,1.0.0
SIU-000128,CASE-000169,P0624,128,0.3333,LOW,0.2503,MODERATE,0.6678,0.8089,232.9,0.3,0.0654,0.0022,0.13,NEW,DEFERRED,False,0,"[""Affiliated with network community #5"", ""Elevated unified risk prioritization score (0.250)"", ""Substantial corroborating evidence strength (0.668)""]",0,2,0,5,2026-10-08T18:15:19.111115+00:00,2026-10-08T18:38:52.966480+00:00,1.0.0,1.0.0
SIU-000129,CASE-000127,P0901,129,0.333,LOW,0.2581,MODERATE,0.6659,0.8112,175.35,0.3,0.0624,0.0022,0.155,NEW,DEFERRED,False,0,"[""Affiliated with network community #9"", ""Elevated unified risk prioritization score (0.258)"", ""Substantial corroborating evidence strength (0.666)""]",0,3,0,9,2026-10-08T18:15:19.111115+00:00,2026-10-08T18:38:52.966480+00:00,1.0.0,1.0.0
SIU-000130,CASE-000161,P0058,130,0.3328,LOW,0.2518,MODERATE,0.6673,0.8068,216.07,0.3,0.0672,0.0022,0.13,NEW,DEFERRED,False,0,"[""Affiliated with network community #5"", ""Elevated unified risk prioritization score (0.252)"", ""Substantial corroborating evidence strength (0.667)""]",0,2,0,5,2026-10-08T18:15:19.111115+00:00,2026-10-08T18:38:52.966480+00:00,1.0.0,1.0.0
SIU-000131,CASE-000145,P0681,131,0.3323,LOW,0.2551,MODERATE,0.6663,0.8026,188.23,0.3,0.0741,0.0022,0.13,NEW,DEFERRED,False,0,"[""Affiliated with network community #0"", ""Elevated unified risk prioritization score (0.255)"", ""Substantial corroborating evidence strength (0.666)""]",0,2,0,0,2026-10-08T18:15:19.111115+00:00,2026-10-08T18:38:52.966480+00:00,1.0.0,1.0.0
SIU-000132,CASE-000107,P0589,132,0.3316,LOW,0.2638,MODERATE,0.6638,0.8142,130.48,0.3,0.0569,0.0022,0.18,NEW,DEFERRED,False,0,"[""Affiliated with network community #0"", ""Elevated unified risk prioritization score (0.264)"", ""Substantial corroborating evidence strength (0.664)""]",0,4,0,0,2026-10-08T18:15:19.111115+00:00,2026-10-08T18:38:52.966480+00:00,1.0.0,1.0.0
SIU-000133,CASE-000125,P0859,133,0.3315,LOW,0.2583,MODERATE,0.6645,0.8296,143.07,0.3,0.0398,0.0022,0.205,NEW,DEFERRED,False,0,"[""Affiliated with network community #1"", ""Elevated unified risk prioritization score (0.258)"", ""Substantial corroborating evidence strength (0.664)"", ""Multiple detection rule alerts (5 alerts)""]",0,5,0,1,2026-10-08T18:15:19.111115+00:00,2026-10-08T18:38:52.966480+00:00,1.0.0,1.0.0
SIU-000134,CASE-000100,P1085,134,0.3302,LOW,0.265,MODERATE,0.6619,0.8027,98.59,0.3,0.0744,0.0275,0.155,NEW,DEFERRED,False,0,"[""Affiliated with network community #2"", ""Elevated unified risk prioritization score (0.265)"", ""Substantial corroborating evidence strength (0.662)""]",0,3,0,2,2026-10-08T18:15:19.111115+00:00,2026-10-08T18:38:52.966480+00:00,1.0.0,1.0.0
SIU-000135,CASE-000171,P0849,135,0.3301,LOW,0.2502,MODERATE,0.6661,0.8207,181.93,0.3,0.0503,0.0022,0.155,NEW,DEFERRED,False,0,"[""Affiliated with network community #0"", ""Elevated unified risk prioritization score (0.250)"", ""Substantial corroborating evidence strength (0.666)""]",0,3,0,0,2026-10-08T18:15:19.111115+00:00,2026-10-08T18:38:52.966480+00:00,1.0.0,1.0.0
SIU-000136,CASE-000051,P0620,136,0.3291,LOW,0.2778,MODERATE,0.6594,0.7961,68.06,0.3,0.096,0.0022,0.18,NEW,DEFERRED,False,0,"[""Affiliated with network community #7"", ""Elevated unified risk prioritization score (0.278)"", ""Substantial corroborating evidence strength (0.659)""]",0,4,0,7,2026-10-08T18:15:19.111115+00:00,2026-10-08T18:38:52.966480+00:00,1.0.0,1.0.0
SIU-000137,CASE-000135,P0021,137,0.329,LOW,0.2568,MODERATE,0.6642,0.8122,138.51,0.3,0.06,0.0022,0.155,NEW,DEFERRED,False,0,"[""Affiliated with network community #3"", ""Elevated unified risk prioritization score (0.257)"", ""Substantial corroborating evidence strength (0.664)""]",0,3,0,3,2026-10-08T18:15:19.111115+00:00,2026-10-08T18:38:52.966480+00:00,1.0.0,1.0.0
SIU-000138,CASE-000128,P0612,138,0.3283,LOW,0.2578,MODERATE,0.6638,0.7981,129.22,0.3,0.0849,0.0022,0.13,NEW,DEFERRED,False,0,"[""Affiliated with network community #7"", ""Elevated unified risk prioritization score (0.258)"", ""Substantial corroborating evidence strength (0.664)""]",0,2,0,7,2026-10-08T18:15:19.111115+00:00,2026-10-08T18:38:52.966480+00:00,1.0.0,1.0.0
SIU-000139,CASE-000080,P0768,139,0.328,LOW,0.2699,MODERATE,0.6606,0.7952,82.2,0.3,0.0999,0.0022,0.155,NEW,DEFERRED,False,0,"[""Affiliated with network community #4"", ""Elevated unified risk prioritization score (0.270)"", ""Substantial corroborating evidence strength (0.661)""]",0,3,0,4,2026-10-08T18:15:19.111115+00:00,2026-10-08T18:38:52.966480+00:00,1.0.0,1.0.0
SIU-000140,CASE-000090,P0350,140,0.3279,LOW,0.2681,MODERATE,0.6488,0.7923,14.06,0.3,0.6102,0.0022,0.155,NEW,DEFERRED,False,0,"[""Affiliated with network community #5"", ""Elevated unified risk prioritization score (0.268)"", ""Statistical behavioral billing anomaly flagged"", ""Substantial corroborating evidence strength (0.649)""]",0,3,0,5,2026-10-08T18:15:19.111115+00:00,2026-10-08T18:38:52.966480+00:00,1.0.0,1.0.0
SIU-000141,CASE-000103,P0862,141,0.3272,LOW,0.2648,MODERATE,0.6618,0.8015,97.01,0.3,0.075,0.0006,0.155,NEW,DEFERRED,False,0,"[""Affiliated with network community #2"", ""Elevated unified risk prioritization score (0.265)"", ""Substantial corroborating evidence strength (0.662)""]",0,3,0,2,2026-10-08T18:15:19.111115+00:00,2026-10-08T18:38:52.966480+00:00,1.0.0,1.0.0
SIU-000142,CASE-000087,P1053,142,0.3261,LOW,0.2695,MODERATE,0.6598,0.7953,72.83,0.3,0.0999,0.0022,0.155,NEW,DEFERRED,False,0,"[""Affiliated with network community #9"", ""Elevated unified risk prioritization score (0.270)"", ""Substantial corroborating evidence strength (0.660)""]",0,3,0,9,2026-10-08T18:15:19.111115+00:00,2026-10-08T18:38:52.966480+00:00,1.0.0,1.0.0
SIU-000143,CASE-000136,P0261,143,0.3255,LOW,0.2568,MODERATE,0.6542,0.812,32.03,0.3,0.0624,0.0022,0.505,NEW,DEFERRED,False,0,"[""Affiliated with network community #9"", ""Elevated unified risk prioritization score (0.257)"", ""Substantial corroborating evidence strength (0.654)"", ""Contains 1 flagged high-risk claim(s)""]",1,3,0,9,2026-10-08T18:15:19.111115+00:00,2026-10-08T18:38:52.966480+00:00,1.0.0,1.0.0
SIU-000144,CASE-000160,P0536,144,0.3254,LOW,0.2519,MODERATE,0.6582,0.8228,57.07,0.3,0.051,0.1163,0.155,NEW,DEFERRED,False,0,"[""Affiliated with network community #8"", ""Elevated unified risk prioritization score (0.252)"", ""Substantial corroborating evidence strength (0.658)"", ""Elevated future risk trajectory (0.116)""]",0,3,0,8,2026-10-08T18:15:19.111115+00:00,2026-10-08T18:38:52.966480+00:00,1.0.0,1.0.0
SIU-000145,CASE-000112,P1158,145,0.3249,LOW,0.2607,MODERATE,0.6614,0.8065,92.14,0.3,0.0687,0.0022,0.155,NEW,DEFERRED,False,0,"[""Affiliated with network community #2"", ""Elevated unified risk prioritization score (0.261)"", ""Substantial corroborating evidence strength (0.661)""]",0,3,0,2,2026-10-08T18:15:19.111115+00:00,2026-10-08T18:38:52.966480+00:00,1.0.0,1.0.0
SIU-000146,CASE-000126,P0760,146,0.3247,LOW,0.2583,MODERATE,0.6618,0.8094,97.62,0.3,0.0649,0.0022,0.155,NEW,DEFERRED,False,0,"[""Affiliated with network community #5"", ""Elevated unified risk prioritization score (0.258)"", ""Substantial corroborating evidence strength (0.662)""]",0,3,0,5,2026-10-08T18:15:19.111115+00:00,2026-10-08T18:38:52.966480+00:00,1.0.0,1.0.0
SIU-000147,CASE-000082,P0416,147,0.3239,LOW,0.2698,MODERATE,0.6586,0.8144,61.35,0.3,0.0562,0.0006,0.205,NEW,DEFERRED,False,0,"[""Affiliated with network community #5"", ""Elevated unified risk prioritization score (0.270)"", ""Substantial corroborating evidence strength (0.659)"", ""Multiple detection rule alerts (5 alerts)""]",0,5,0,5,2026-10-08T18:15:19.111115+00:00,2026-10-08T18:38:52.966480+00:00,1.0.0,1.0.0
SIU-000148,CASE-000132,P0865,148,0.3238,LOW,0.2574,MODERATE,0.6616,0.8104,94.11,0.3,0.0638,0.0022,0.155,NEW,DEFERRED,False,0,"[""Affiliated with network community #8"", ""Elevated unified risk prioritization score (0.257)"", ""Substantial corroborating evidence strength (0.662)""]",0,3,0,8,2026-10-08T18:15:19.111115+00:00,2026-10-08T18:38:52.966480+00:00,1.0.0,1.0.0
SIU-000149,CASE-000150,P0394,149,0.3227,LOW,0.2542,MODERATE,0.6617,0.8142,96.4,0.3,0.0572,0.0022,0.155,NEW,DEFERRED,False,0,"[""Affiliated with network community #5"", ""Elevated unified risk prioritization score (0.254)"", ""Substantial corroborating evidence strength (0.662)""]",0,3,0,5,2026-10-08T18:15:19.111115+00:00,2026-10-08T18:38:52.966480+00:00,1.0.0,1.0.0
SIU-000150,CASE-000123,P0118,150,0.3226,LOW,0.259,MODERATE,0.6593,0.796,67.95,0.3,0.0979,0.0275,0.13,NEW,DEFERRED,False,0,"[""Affiliated with network community #4"", ""Elevated unified risk prioritization score (0.259)"", ""Substantial corroborating evidence strength (0.659)""]",0,2,0,4,2026-10-08T18:15:19.111115+00:00,2026-10-08T18:38:52.966480+00:00,1.0.0,1.0.0
SIU-000151,CASE-000091,P0782,151,0.3217,LOW,0.2678,MODERATE,0.6581,0.7966,56.97,0.3,0.095,0.0022,0.155,NEW,DEFERRED,False,0,"[""Affiliated with network community #8"", ""Elevated unified risk prioritization score (0.268)"", ""Substantial corroborating evidence strength (0.658)""]",0,3,0,8,2026-10-08T18:15:19.111115+00:00,2026-10-08T18:38:52.966480+00:00,1.0.0,1.0.0
SIU-000152,CASE-000162,P0657,152,0.321,LOW,0.2517,MODERATE,0.6614,0.817,92.33,0.3,0.0539,0.0022,0.155,NEW,DEFERRED,False,0,"[""Affiliated with network community #2"", ""Elevated unified risk prioritization score (0.252)"", ""Substantial corroborating evidence strength (0.661)""]",0,3,0,2,2026-10-08T18:15:19.111115+00:00,2026-10-08T18:38:52.966480+00:00,1.0.0,1.0.0
SIU-000153,CASE-000172,P0227,153,0.3192,LOW,0.2502,MODERATE,0.6611,0.8062,87.5,0.3,0.0688,0.0022,0.13,NEW,DEFERRED,False,0,"[""Affiliated with network community #0"", ""Elevated unified risk prioritization score (0.250)"", ""Substantial corroborating evidence strength (0.661)""]",0,2,0,0,2026-10-08T18:15:19.111115+00:00,2026-10-08T18:38:52.966480+00:00,1.0.0,1.0.0
SIU-000154,CASE-000152,P0494,154,0.3182,LOW,0.2538,MODERATE,0.6598,0.8013,72.89,0.3,0.076,0.0022,0.13,NEW,DEFERRED,False,0,"[""Affiliated with network community #2"", ""Elevated unified risk prioritization score (0.254)"", ""Substantial corroborating evidence strength (0.660)""]",0,2,0,2,2026-10-08T18:15:19.111115+00:00,2026-10-08T18:38:52.966480+00:00,1.0.0,1.0.0
SIU-000155,CASE-000146,P0442,155,0.318,LOW,0.2551,MODERATE,0.6594,0.7995,68.57,0.3,0.0815,0.0022,0.13,NEW,DEFERRED,False,0,"[""Affiliated with network community #5"", ""Elevated unified risk prioritization score (0.255)"", ""Substantial corroborating evidence strength (0.659)""]",0,2,0,5,2026-10-08T18:15:19.111115+00:00,2026-10-08T18:38:52.966480+00:00,1.0.0,1.0.0
SIU-000156,CASE-000117,P0281,156,0.3179,LOW,0.2602,MODERATE,0.6582,0.8057,57.41,0.3,0.0692,0.0022,0.155,NEW,DEFERRED,False,0,"[""Affiliated with network community #9"", ""Elevated unified risk prioritization score (0.260)"", ""Substantial corroborating evidence strength (0.658)""]",0,3,0,9,2026-10-08T18:15:19.111115+00:00,2026-10-08T18:38:52.966480+00:00,1.0.0,1.0.0
SIU-000157,CASE-000153,P0095,157,0.3175,LOW,0.2536,MODERATE,0.6596,0.8014,70.11,0.3,0.075,0.0022,0.13,NEW,DEFERRED,False,0,"[""Affiliated with network community #1"", ""Elevated unified risk prioritization score (0.254)"", ""Substantial corroborating evidence strength (0.660)""]",0,2,0,1,2026-10-08T18:15:19.111115+00:00,2026-10-08T18:38:52.966480+00:00,1.0.0,1.0.0
SIU-000158,CASE-000133,P0700,158,0.3168,LOW,0.2573,MODERATE,0.6582,0.8091,57.72,0.3,0.0653,0.0022,0.155,NEW,DEFERRED,False,0,"[""Affiliated with network community #5"", ""Elevated unified risk prioritization score (0.257)"", ""Substantial corroborating evidence strength (0.658)""]",0,3,0,5,2026-10-08T18:15:19.111115+00:00,2026-10-08T18:38:52.966480+00:00,1.0.0,1.0.0
SIU-000159,CASE-000122,P0093,159,0.314,LOW,0.2591,MODERATE,0.6418,0.7869,4.46,0.3,0.7151,0.0022,0.13,NEW,DEFERRED,False,0,"[""Affiliated with network community #1"", ""Elevated unified risk prioritization score (0.259)"", ""Statistical behavioral billing anomaly flagged"", ""Substantial corroborating evidence strength (0.642)""]",0,2,0,1,2026-10-08T18:15:19.111115+00:00,2026-10-08T18:38:52.966480+00:00,1.0.0,1.0.0
SIU-000160,CASE-000002,P0011,160,0.3136,LOW,0.3466,MODERATE,0.4533,0.7892,0.0,0.3,0.7608,0.1163,0.44,NEW,DEFERRED,False,0,"[""Concentrated high-risk claim transactions (105 claims)"", ""Affiliated with network community #6"", ""Elevated unified risk prioritization score (0.347)"", ""Statistical behavioral billing anomaly flagged"", ""Elevated future risk trajectory (0.116)""]",105,2,0,6,2026-10-08T18:15:19.111115+00:00,2026-10-08T18:38:52.966480+00:00,1.0.0,1.0.0
SIU-000161,CASE-000166,P0554,161,0.3133,LOW,0.2512,MODERATE,0.6576,0.8261,52.55,0.3,0.0441,0.0006,0.18,NEW,DEFERRED,False,0,"[""Affiliated with network community #8"", ""Elevated unified risk prioritization score (0.251)"", ""Substantial corroborating evidence strength (0.658)""]",0,4,0,8,2026-10-08T18:15:19.111115+00:00,2026-10-08T18:38:52.966480+00:00,1.0.0,1.0.0
SIU-000162,CASE-000158,P0130,162,0.3131,LOW,0.2524,MODERATE,0.6572,0.8248,49.52,0.3,0.0456,0.0022,0.18,NEW,DEFERRED,False,0,"[""Affiliated with network community #0"", ""Elevated unified risk prioritization score (0.252)"", ""Substantial corroborating evidence strength (0.657)""]",0,4,0,0,2026-10-08T18:15:19.111115+00:00,2026-10-08T18:38:52.966480+00:00,1.0.0,1.0.0
SIU-000163,CASE-000149,P0149,163,0.3125,LOW,0.2545,MODERATE,0.6445,0.7937,7.06,0.3,0.605,0.0022,0.13,NEW,DEFERRED,False,0,"[""Affiliated with network community #8"", ""Elevated unified risk prioritization score (0.255)"", ""Statistical behavioral billing anomaly flagged"", ""Substantial corroborating evidence strength (0.644)""]",0,2,0,8,2026-10-08T18:15:19.111115+00:00,2026-10-08T18:38:52.966480+00:00,1.0.0,1.0.0
SIU-000164,CASE-000144,P0530,164,0.3117,LOW,0.2554,MODERATE,0.6562,0.8106,42.74,0.3,0.0637,0.0022,0.155,NEW,DEFERRED,False,0,"[""Affiliated with network community #8"", ""Elevated unified risk prioritization score (0.255)"", ""Substantial corroborating evidence strength (0.656)""]",0,3,0,8,2026-10-08T18:15:19.111115+00:00,2026-10-08T18:38:52.966480+00:00,1.0.0,1.0.0
SIU-000165,CASE-000163,P1090,165,0.3112,LOW,0.2516,MODERATE,0.6568,0.8151,46.97,0.3,0.0566,0.0006,0.155,NEW,DEFERRED,False,0,"[""Affiliated with network community #1"", ""Elevated unified risk prioritization score (0.252)"", ""Substantial corroborating evidence strength (0.657)""]",0,3,0,1,2026-10-08T18:15:19.111115+00:00,2026-10-08T18:38:52.966480+00:00,1.0.0,1.0.0
SIU-000166,CASE-000141,P0209,166,0.3078,LOW,0.2558,MODERATE,0.6542,0.8093,32.03,0.3,0.0651,0.0022,0.155,NEW,DEFERRED,False,0,"[""Affiliated with network community #2"", ""Elevated unified risk prioritization score (0.256)"", ""Substantial corroborating evidence strength (0.654)""]",0,3,0,2,2026-10-08T18:15:19.111115+00:00,2026-10-08T18:38:52.966480+00:00,1.0.0,1.0.0
SIU-000167,CASE-000124,P0630,167,0.3028,LOW,0.2588,MODERATE,0.6512,0.8045,20.42,0.3,0.0706,0.0022,0.155,NEW,DEFERRED,False,0,"[""Affiliated with network community #9"", ""Elevated unified risk prioritization score (0.259)"", ""Substantial corroborating evidence strength (0.651)""]",0,3,0,9,2026-10-08T18:15:19.111115+00:00,2026-10-08T18:38:52.966480+00:00,1.0.0,1.0.0
SIU-000168,CASE-000147,P1057,168,0.3019,LOW,0.255,MODERATE,0.6516,0.8089,21.6,0.3,0.0653,0.0006,0.155,NEW,DEFERRED,False,0,"[""Affiliated with network community #0"", ""Elevated unified risk prioritization score (0.255)"", ""Substantial corroborating evidence strength (0.652)""]",0,3,0,0,2026-10-08T18:15:19.111115+00:00,2026-10-08T18:38:52.966480+00:00,1.0.0,1.0.0
SIU-000169,CASE-000108,P0040,169,0.3016,LOW,0.2635,MODERATE,0.5233,0.7901,0.0,0.3,0.8217,0.1163,0.44,NEW,DEFERRED,False,0,"[""Affiliated with network community #8"", ""Elevated unified risk prioritization score (0.264)"", ""Statistical behavioral billing anomaly flagged"", ""Substantial corroborating evidence strength (0.523)"", ""Elevated future risk trajectory (0.116)""]",8,2,0,8,2026-10-08T18:15:19.111115+00:00,2026-10-08T18:38:52.966480+00:00,1.0.0,1.0.0
SIU-000170,CASE-000168,P0570,170,0.297,LOW,0.2504,MODERATE,0.6502,0.8138,17.53,0.3,0.0582,0.0006,0.155,NEW,DEFERRED,False,0,"[""Affiliated with network community #8"", ""Elevated unified risk prioritization score (0.250)"", ""Substantial corroborating evidence strength (0.650)""]",0,3,0,8,2026-10-08T18:15:19.111115+00:00,2026-10-08T18:38:52.966480+00:00,1.0.0,1.0.0
SIU-000171,CASE-000170,P0173,171,0.2883,LOW,0.2503,MODERATE,0.6461,0.7995,9.22,0.3,0.0798,0.0022,0.13,NEW,DEFERRED,False,0,"[""Affiliated with network community #0"", ""Elevated unified risk prioritization score (0.250)"", ""Substantial corroborating evidence strength (0.646)""]",0,2,0,0,2026-10-08T18:15:19.111115+00:00,2026-10-08T18:38:52.966480+00:00,1.0.0,1.0.0
SIU-000172,CASE-000134,P0346,172,0.2583,LOW,0.2571,MODERATE,0.63,0.7974,0.0,0.3,0.0878,0.0022,0.155,NEW,DEFERRED,False,0,"[""Affiliated with network community #0"", ""Elevated unified risk prioritization score (0.257)"", ""Substantial corroborating evidence strength (0.630)""]",0,3,0,0,2026-10-08T18:15:19.111115+00:00,2026-10-08T18:38:52.966480+00:00,1.0.0,1.0.0
